"Date","Parashah","Aliyah","Reading","Verses"
12-Sep-2026,"Rosh Hashana I (on Shabbat)",1,"Genesis 21:1-21:4",4
12-Sep-2026,"Rosh Hashana I (on Shabbat)",2,"Genesis 21:5-21:8",4
12-Sep-2026,"Rosh Hashana I (on Shabbat)",3,"Genesis 21:9-21:12",4
12-Sep-2026,"Rosh Hashana I (on Shabbat)",4,"Genesis 21:13-21:17",5
12-Sep-2026,"Rosh Hashana I (on Shabbat)",5,"Genesis 21:18-21:21",4
12-Sep-2026,"Rosh Hashana I (on Shabbat)",6,"Genesis 21:22-21:27",6
12-Sep-2026,"Rosh Hashana I (on Shabbat)",7,"Genesis 21:28-21:34",7
12-Sep-2026,"Rosh Hashana I (on Shabbat)","maf","Numbers 29:1-29:6",6
12-Sep-2026,"Rosh Hashana I (on Shabbat)","Haftara","I Samuel 1:1-2:10",38

13-Sep-2026,"Rosh Hashana II",1,"Genesis 22:1-22:3",3
13-Sep-2026,"Rosh Hashana II",2,"Genesis 22:4-22:8",5
13-Sep-2026,"Rosh Hashana II",3,"Genesis 22:9-22:14",6
13-Sep-2026,"Rosh Hashana II",4,"Genesis 22:15-22:19",5
13-Sep-2026,"Rosh Hashana II",5,"Genesis 22:20-22:24",5
13-Sep-2026,"Rosh Hashana II","maf","Numbers 29:1-29:6",6
13-Sep-2026,"Rosh Hashana II","Haftara","Jeremiah 31:2-20",19

14-Sep-2026,"Tzom Gedaliah",1,"Exodus 32:11-32:14",4
14-Sep-2026,"Tzom Gedaliah",2,"Exodus 34:1-34:3",3
14-Sep-2026,"Tzom Gedaliah",3,"Exodus 34:4-34:10",7

14-Sep-2026,"Tzom Gedaliah (Mincha)",1,"Exodus 32:11-32:14",4
14-Sep-2026,"Tzom Gedaliah (Mincha)",2,"Exodus 34:1-34:3",3
14-Sep-2026,"Tzom Gedaliah (Mincha)","maf","Exodus 34:4-34:10",7
14-Sep-2026,"Tzom Gedaliah (Mincha)","Haftara","Isaiah 55:6-56:8",16

19-Sep-2026,"Ha'azinu",1,"Deuteronomy 32:1-32:6",6
19-Sep-2026,"Ha'azinu",2,"Deuteronomy 32:7-32:12",6
19-Sep-2026,"Ha'azinu",3,"Deuteronomy 32:13-32:18",6
19-Sep-2026,"Ha'azinu",4,"Deuteronomy 32:19-32:28",10
19-Sep-2026,"Ha'azinu",5,"Deuteronomy 32:29-32:39",11
19-Sep-2026,"Ha'azinu",6,"Deuteronomy 32:40-32:43",4
19-Sep-2026,"Ha'azinu",7,"Deuteronomy 32:44-32:52",9
19-Sep-2026,"Ha'azinu","maf","Deuteronomy 32:48-32:52",5
19-Sep-2026,"Ha'azinu","Haftara for Ashkenazim","Hosea 14:2-10; Joel 2:15-27 | Shabbat Shuva (with Ha'azinu)",22
19-Sep-2026,"Ha'azinu","Haftara for Sephardim","Hosea 14:2-10; Micah 7:18-20 | Shabbat Shuva (with Ha'azinu)",12

21-Sep-2026,"Yom Kippur",1,"Leviticus 16:1-16:6",6
21-Sep-2026,"Yom Kippur",2,"Leviticus 16:7-16:11",5
21-Sep-2026,"Yom Kippur",3,"Leviticus 16:12-16:17",6
21-Sep-2026,"Yom Kippur",4,"Leviticus 16:18-16:24",7
21-Sep-2026,"Yom Kippur",5,"Leviticus 16:25-16:30",6
21-Sep-2026,"Yom Kippur",6,"Leviticus 16:31-16:34",4
21-Sep-2026,"Yom Kippur","maf","Numbers 29:7-29:11",5
21-Sep-2026,"Yom Kippur","Haftara","Isaiah 57:14-58:14",22

21-Sep-2026,"Yom Kippur (Mincha)",1,"Leviticus 18:1-18:5",5
21-Sep-2026,"Yom Kippur (Mincha)",2,"Leviticus 18:6-18:21",16
21-Sep-2026,"Yom Kippur (Mincha)","maf","Leviticus 18:22-18:30",9
21-Sep-2026,"Yom Kippur (Mincha)","Haftara","Jonah 1:1-4:11; Micah 7:18-20",51

26-Sep-2026,"Sukkot I (on Shabbat)",1,"Leviticus 22:26-22:33",8
26-Sep-2026,"Sukkot I (on Shabbat)",2,"Leviticus 23:1-23:3",3
26-Sep-2026,"Sukkot I (on Shabbat)",3,"Leviticus 23:4-23:8",5
26-Sep-2026,"Sukkot I (on Shabbat)",4,"Leviticus 23:9-23:14",6
26-Sep-2026,"Sukkot I (on Shabbat)",5,"Leviticus 23:15-23:22",8
26-Sep-2026,"Sukkot I (on Shabbat)",6,"Leviticus 23:23-23:32",10
26-Sep-2026,"Sukkot I (on Shabbat)",7,"Leviticus 23:33-23:44",12
26-Sep-2026,"Sukkot I (on Shabbat)","maf","Numbers 29:12-29:16",5
26-Sep-2026,"Sukkot I (on Shabbat)","Haftara","Zechariah 14:1-21",21

27-Sep-2026,"Sukkot II",1,"Leviticus 22:26-23:3",11
27-Sep-2026,"Sukkot II",2,"Leviticus 23:4-23:14",11
27-Sep-2026,"Sukkot II",3,"Leviticus 23:15-23:22",8
27-Sep-2026,"Sukkot II",4,"Leviticus 23:23-23:32",10
27-Sep-2026,"Sukkot II",5,"Leviticus 23:33-23:44",12
27-Sep-2026,"Sukkot II","maf","Numbers 29:12-29:16",5
27-Sep-2026,"Sukkot II","Haftara","I Kings 8:2-21",20

28-Sep-2026,"Sukkot Chol ha-Moed Day 1",1,"Numbers 29:17-29:19",3
28-Sep-2026,"Sukkot Chol ha-Moed Day 1",2,"Numbers 29:20-29:22",3
28-Sep-2026,"Sukkot Chol ha-Moed Day 1",3,"Numbers 29:23-29:25",3
28-Sep-2026,"Sukkot Chol ha-Moed Day 1",4,"Numbers 29:17-29:22",6

29-Sep-2026,"Sukkot Chol ha-Moed Day 2",1,"Numbers 29:20-29:22",3
29-Sep-2026,"Sukkot Chol ha-Moed Day 2",2,"Numbers 29:23-29:25",3
29-Sep-2026,"Sukkot Chol ha-Moed Day 2",3,"Numbers 29:26-29:28",3
29-Sep-2026,"Sukkot Chol ha-Moed Day 2",4,"Numbers 29:20-29:25",6

30-Sep-2026,"Sukkot Chol ha-Moed Day 3",1,"Numbers 29:23-29:25",3
30-Sep-2026,"Sukkot Chol ha-Moed Day 3",2,"Numbers 29:26-29:28",3
30-Sep-2026,"Sukkot Chol ha-Moed Day 3",3,"Numbers 29:29-29:31",3
30-Sep-2026,"Sukkot Chol ha-Moed Day 3",4,"Numbers 29:23-29:28",6

01-Oct-2026,"Sukkot Chol ha-Moed Day 4",1,"Numbers 29:26-29:28",3
01-Oct-2026,"Sukkot Chol ha-Moed Day 4",2,"Numbers 29:29-29:31",3
01-Oct-2026,"Sukkot Chol ha-Moed Day 4",3,"Numbers 29:32-29:34",3
01-Oct-2026,"Sukkot Chol ha-Moed Day 4",4,"Numbers 29:26-29:31",6

02-Oct-2026,"Sukkot Final Day (Hoshana Raba)",1,"Numbers 29:26-29:28",3
02-Oct-2026,"Sukkot Final Day (Hoshana Raba)",2,"Numbers 29:29-29:31",3
02-Oct-2026,"Sukkot Final Day (Hoshana Raba)",3,"Numbers 29:32-29:34",3
02-Oct-2026,"Sukkot Final Day (Hoshana Raba)",4,"Numbers 29:29-29:34",6

03-Oct-2026,"Shmini Atzeret (on Shabbat)",1,"Deuteronomy 14:22-14:29",8
03-Oct-2026,"Shmini Atzeret (on Shabbat)",2,"Deuteronomy 15:1-15:18",18
03-Oct-2026,"Shmini Atzeret (on Shabbat)",3,"Deuteronomy 15:19-15:23",5
03-Oct-2026,"Shmini Atzeret (on Shabbat)",4,"Deuteronomy 16:1-16:3",3
03-Oct-2026,"Shmini Atzeret (on Shabbat)",5,"Deuteronomy 16:4-16:8",5
03-Oct-2026,"Shmini Atzeret (on Shabbat)",6,"Deuteronomy 16:9-16:12",4
03-Oct-2026,"Shmini Atzeret (on Shabbat)",7,"Deuteronomy 16:13-16:17",5
03-Oct-2026,"Shmini Atzeret (on Shabbat)","maf","Numbers 29:35-30:1",6
03-Oct-2026,"Shmini Atzeret (on Shabbat)","Haftara","I Kings 8:54-66",13
03-Oct-2026,"Shmini Atzeret (on Shabbat)","Megillah Ch. 1","Ecclesiastes 1:1-1:18",18
03-Oct-2026,"Shmini Atzeret (on Shabbat)","Megillah Ch. 2","Ecclesiastes 2:1-2:26",26
03-Oct-2026,"Shmini Atzeret (on Shabbat)","Megillah Ch. 3","Ecclesiastes 3:1-3:22",22
03-Oct-2026,"Shmini Atzeret (on Shabbat)","Megillah Ch. 4","Ecclesiastes 4:1-4:17",17
03-Oct-2026,"Shmini Atzeret (on Shabbat)","Megillah Ch. 5","Ecclesiastes 5:1-5:19",19
03-Oct-2026,"Shmini Atzeret (on Shabbat)","Megillah Ch. 6","Ecclesiastes 6:1-6:12",12
03-Oct-2026,"Shmini Atzeret (on Shabbat)","Megillah Ch. 7","Ecclesiastes 7:1-7:29",29
03-Oct-2026,"Shmini Atzeret (on Shabbat)","Megillah Ch. 8","Ecclesiastes 8:1-8:17",17
03-Oct-2026,"Shmini Atzeret (on Shabbat)","Megillah Ch. 9","Ecclesiastes 9:1-9:18",18
03-Oct-2026,"Shmini Atzeret (on Shabbat)","Megillah Ch. 10","Ecclesiastes 10:1-10:20",20
03-Oct-2026,"Shmini Atzeret (on Shabbat)","Megillah Ch. 11","Ecclesiastes 11:1-11:10",10
03-Oct-2026,"Shmini Atzeret (on Shabbat)","Megillah Ch. 12","Ecclesiastes 12:1-12:14",14

03-Oct-2026,"Erev Simchat Torah",1,"Deuteronomy 33:1-33:7",7
03-Oct-2026,"Erev Simchat Torah",2,"Deuteronomy 33:8-33:12",5
03-Oct-2026,"Erev Simchat Torah",3,"Deuteronomy 33:13-33:17",5

04-Oct-2026,"Simchat Torah",1,"Deuteronomy 33:1-33:7",7
04-Oct-2026,"Simchat Torah",2,"Deuteronomy 33:8-33:12",5
04-Oct-2026,"Simchat Torah",3,"Deuteronomy 33:13-33:17",5
04-Oct-2026,"Simchat Torah",4,"Deuteronomy 33:18-33:21",4
04-Oct-2026,"Simchat Torah",5,"Deuteronomy 33:22-33:26",5
04-Oct-2026,"Simchat Torah",6,"Deuteronomy 33:27-34:12",15
04-Oct-2026,"Simchat Torah",7,"Genesis 1:1-2:3",34
04-Oct-2026,"Simchat Torah","maf","Numbers 29:35-30:1",6
04-Oct-2026,"Simchat Torah","Haftara","Joshua 1:1-18",18

10-Oct-2026,"Bereshit",1,"Genesis 1:1-2:3",34
10-Oct-2026,"Bereshit",2,"Genesis 2:4-2:19",16
10-Oct-2026,"Bereshit",3,"Genesis 2:20-3:21",27
10-Oct-2026,"Bereshit",4,"Genesis 3:22-4:18",21
10-Oct-2026,"Bereshit",5,"Genesis 4:19-4:22 | some sources use 4:19-26",4
10-Oct-2026,"Bereshit",6,"Genesis 4:23-5:24 | some sources use 5:1-24",28
10-Oct-2026,"Bereshit",7,"Genesis 5:25-6:8",16
10-Oct-2026,"Bereshit","maf","Genesis 6:5-6:8",4
10-Oct-2026,"Bereshit","Haftara","I Samuel 20:18-42 | Shabbat Machar Chodesh",25

11-Oct-2026,"Rosh Chodesh Cheshvan",1,"Numbers 28:1-28:3",3
11-Oct-2026,"Rosh Chodesh Cheshvan",2,"Numbers 28:3-28:5",3
11-Oct-2026,"Rosh Chodesh Cheshvan",3,"Numbers 28:6-28:10",5
11-Oct-2026,"Rosh Chodesh Cheshvan",4,"Numbers 28:11-28:15",5

12-Oct-2026,"Rosh Chodesh Cheshvan",1,"Numbers 28:1-28:3",3
12-Oct-2026,"Rosh Chodesh Cheshvan",2,"Numbers 28:3-28:5",3
12-Oct-2026,"Rosh Chodesh Cheshvan",3,"Numbers 28:6-28:10",5
12-Oct-2026,"Rosh Chodesh Cheshvan",4,"Numbers 28:11-28:15",5

17-Oct-2026,"Noach",1,"Genesis 6:9-6:22",14
17-Oct-2026,"Noach",2,"Genesis 7:1-7:16",16
17-Oct-2026,"Noach",3,"Genesis 7:17-8:14",22
17-Oct-2026,"Noach",4,"Genesis 8:15-9:7",15
17-Oct-2026,"Noach",5,"Genesis 9:8-9:17",10
17-Oct-2026,"Noach",6,"Genesis 9:18-10:32",44
17-Oct-2026,"Noach",7,"Genesis 11:1-11:32",32
17-Oct-2026,"Noach","maf","Genesis 11:29-11:32",4
17-Oct-2026,"Noach","Haftara for Ashkenazim","Isaiah 54:1-55:5",22
17-Oct-2026,"Noach","Haftara for Sephardim","Isaiah 54:1-10",10

24-Oct-2026,"Lech-Lecha",1,"Genesis 12:1-12:13",13
24-Oct-2026,"Lech-Lecha",2,"Genesis 12:14-13:4",11
24-Oct-2026,"Lech-Lecha",3,"Genesis 13:5-13:18",14
24-Oct-2026,"Lech-Lecha",4,"Genesis 14:1-14:20",20
24-Oct-2026,"Lech-Lecha",5,"Genesis 14:21-15:6",10
24-Oct-2026,"Lech-Lecha",6,"Genesis 15:7-17:6",37
24-Oct-2026,"Lech-Lecha",7,"Genesis 17:7-17:27",21
24-Oct-2026,"Lech-Lecha","maf","Genesis 17:24-17:27",4
24-Oct-2026,"Lech-Lecha","Haftara","Isaiah 40:27-41:16",21

31-Oct-2026,"Vayera",1,"Genesis 18:1-18:14",14
31-Oct-2026,"Vayera",2,"Genesis 18:15-18:33",19
31-Oct-2026,"Vayera",3,"Genesis 19:1-19:20",20
31-Oct-2026,"Vayera",4,"Genesis 19:21-21:4",40
31-Oct-2026,"Vayera",5,"Genesis 21:5-21:21",17
31-Oct-2026,"Vayera",6,"Genesis 21:22-21:34",13
31-Oct-2026,"Vayera",7,"Genesis 22:1-22:24",24
31-Oct-2026,"Vayera","maf","Genesis 22:20-22:24",5
31-Oct-2026,"Vayera","Haftara for Ashkenazim","II Kings 4:1-37",37
31-Oct-2026,"Vayera","Haftara for Sephardim","II Kings 4:1-23",23

07-Nov-2026,"Chayei Sara",1,"Genesis 23:1-23:16",16
07-Nov-2026,"Chayei Sara",2,"Genesis 23:17-24:9",13
07-Nov-2026,"Chayei Sara",3,"Genesis 24:10-24:26",17
07-Nov-2026,"Chayei Sara",4,"Genesis 24:27-24:52",26
07-Nov-2026,"Chayei Sara",5,"Genesis 24:53-24:67",15
07-Nov-2026,"Chayei Sara",6,"Genesis 25:1-25:11",11
07-Nov-2026,"Chayei Sara",7,"Genesis 25:12-25:18",7
07-Nov-2026,"Chayei Sara","maf","Genesis 25:16-25:18",3
07-Nov-2026,"Chayei Sara","Haftara","I Kings 1:1-31",31

10-Nov-2026,"Rosh Chodesh Kislev",1,"Numbers 28:1-28:3",3
10-Nov-2026,"Rosh Chodesh Kislev",2,"Numbers 28:3-28:5",3
10-Nov-2026,"Rosh Chodesh Kislev",3,"Numbers 28:6-28:10",5
10-Nov-2026,"Rosh Chodesh Kislev",4,"Numbers 28:11-28:15",5

11-Nov-2026,"Rosh Chodesh Kislev",1,"Numbers 28:1-28:3",3
11-Nov-2026,"Rosh Chodesh Kislev",2,"Numbers 28:3-28:5",3
11-Nov-2026,"Rosh Chodesh Kislev",3,"Numbers 28:6-28:10",5
11-Nov-2026,"Rosh Chodesh Kislev",4,"Numbers 28:11-28:15",5

14-Nov-2026,"Toldot",1,"Genesis 25:19-26:5",21
14-Nov-2026,"Toldot",2,"Genesis 26:6-26:12",7
14-Nov-2026,"Toldot",3,"Genesis 26:13-26:22",10
14-Nov-2026,"Toldot",4,"Genesis 26:23-26:29",7
14-Nov-2026,"Toldot",5,"Genesis 26:30-27:27",33
14-Nov-2026,"Toldot",6,"Genesis 27:28-28:4",23
14-Nov-2026,"Toldot",7,"Genesis 28:5-28:9",5
14-Nov-2026,"Toldot","maf","Genesis 28:7-28:9",3
14-Nov-2026,"Toldot","Haftara","Malachi 1:1-2:7",21

21-Nov-2026,"Vayetzei",1,"Genesis 28:10-28:22",13
21-Nov-2026,"Vayetzei",2,"Genesis 29:1-29:17",17
21-Nov-2026,"Vayetzei",3,"Genesis 29:18-30:13",31
21-Nov-2026,"Vayetzei",4,"Genesis 30:14-30:27",14
21-Nov-2026,"Vayetzei",5,"Genesis 30:28-31:16",32
21-Nov-2026,"Vayetzei",6,"Genesis 31:17-31:42",26
21-Nov-2026,"Vayetzei",7,"Genesis 31:43-32:3",15
21-Nov-2026,"Vayetzei","maf","Genesis 32:1-32:3",3
21-Nov-2026,"Vayetzei","Haftara for Ashkenazim","Hosea 12:13-14:10",28
21-Nov-2026,"Vayetzei","Haftara for Sephardim","Hosea 11:7-12:12",17

28-Nov-2026,"Vayishlach",1,"Genesis 32:4-32:13",10
28-Nov-2026,"Vayishlach",2,"Genesis 32:14-32:30",17
28-Nov-2026,"Vayishlach",3,"Genesis 32:31-33:5",8
28-Nov-2026,"Vayishlach",4,"Genesis 33:6-33:20",15
28-Nov-2026,"Vayishlach",5,"Genesis 34:1-35:11",42
28-Nov-2026,"Vayishlach",6,"Genesis 35:12-36:19",37
28-Nov-2026,"Vayishlach",7,"Genesis 36:20-36:43",24
28-Nov-2026,"Vayishlach","maf","Genesis 36:40-36:43",4
28-Nov-2026,"Vayishlach","Haftara","Obadiah 1:1-21",21

05-Dec-2026,"Vayeshev",1,"Genesis 37:1-37:11",11
05-Dec-2026,"Vayeshev",2,"Genesis 37:12-37:22",11
05-Dec-2026,"Vayeshev",3,"Genesis 37:23-37:36",14
05-Dec-2026,"Vayeshev",4,"Genesis 38:1-38:30",30
05-Dec-2026,"Vayeshev",5,"Genesis 39:1-39:6",6
05-Dec-2026,"Vayeshev",6,"Genesis 39:7-39:23",17
05-Dec-2026,"Vayeshev",7,"Genesis 40:1-40:23",23
05-Dec-2026,"Vayeshev","maf","Numbers 7:1-7:17 | Chanukah Day 1 (on Shabbat)",17
05-Dec-2026,"Vayeshev","Haftara","Zechariah 2:14-4:7 | Chanukah Day 1 (on Shabbat)",21

06-Dec-2026,"Chanukah Day 2",1,"Numbers 7:18-7:20",3
06-Dec-2026,"Chanukah Day 2",2,"Numbers 7:21-7:23",3
06-Dec-2026,"Chanukah Day 2",3,"Numbers 7:24-7:29",6

07-Dec-2026,"Chanukah Day 3",1,"Numbers 7:24-7:26",3
07-Dec-2026,"Chanukah Day 3",2,"Numbers 7:27-7:29",3
07-Dec-2026,"Chanukah Day 3",3,"Numbers 7:30-7:35",6

08-Dec-2026,"Chanukah Day 4",1,"Numbers 7:30-7:32",3
08-Dec-2026,"Chanukah Day 4",2,"Numbers 7:33-7:35",3
08-Dec-2026,"Chanukah Day 4",3,"Numbers 7:36-7:41",6

09-Dec-2026,"Chanukah Day 5",1,"Numbers 7:36-7:38",3
09-Dec-2026,"Chanukah Day 5",2,"Numbers 7:39-7:41",3
09-Dec-2026,"Chanukah Day 5",3,"Numbers 7:42-7:47",6

10-Dec-2026,"Chanukah Day 6",1,"Numbers 28:1-28:5",5
10-Dec-2026,"Chanukah Day 6",2,"Numbers 28:6-28:10",5
10-Dec-2026,"Chanukah Day 6",3,"Numbers 28:11-28:15",5
10-Dec-2026,"Chanukah Day 6",4,"Numbers 7:42-7:47",6

11-Dec-2026,"Chanukah Day 7 (on Rosh Chodesh)",1,"Numbers 28:1-28:5",5
11-Dec-2026,"Chanukah Day 7 (on Rosh Chodesh)",2,"Numbers 28:6-28:10",5
11-Dec-2026,"Chanukah Day 7 (on Rosh Chodesh)",3,"Numbers 28:11-28:15",5
11-Dec-2026,"Chanukah Day 7 (on Rosh Chodesh)",4,"Numbers 7:48-7:53",6

12-Dec-2026,"Miketz",1,"Genesis 41:1-41:14",14
12-Dec-2026,"Miketz",2,"Genesis 41:15-41:38",24
12-Dec-2026,"Miketz",3,"Genesis 41:39-41:52",14
12-Dec-2026,"Miketz",4,"Genesis 41:53-42:18",23
12-Dec-2026,"Miketz",5,"Genesis 42:19-43:15",35
12-Dec-2026,"Miketz",6,"Genesis 43:16-43:29",14
12-Dec-2026,"Miketz",7,"Genesis 43:30-44:17",22
12-Dec-2026,"Miketz","maf","Numbers 7:54-8:4 | Chanukah Day 8 (on Shabbat)",40
12-Dec-2026,"Miketz","Haftara","I Kings 7:40-50 | Chanukah Day 8 (on Shabbat)",11

19-Dec-2026,"Vayigash",1,"Genesis 44:18-44:30",13
19-Dec-2026,"Vayigash",2,"Genesis 44:31-45:7",11
19-Dec-2026,"Vayigash",3,"Genesis 45:8-45:18",11
19-Dec-2026,"Vayigash",4,"Genesis 45:19-45:27",9
19-Dec-2026,"Vayigash",5,"Genesis 45:28-46:27",28
19-Dec-2026,"Vayigash",6,"Genesis 46:28-47:10",17
19-Dec-2026,"Vayigash",7,"Genesis 47:11-47:27",17
19-Dec-2026,"Vayigash","maf","Genesis 47:25-47:27",3
19-Dec-2026,"Vayigash","Haftara","Ezekiel 37:15-28",14

20-Dec-2026,"Asara B'Tevet",1,"Exodus 32:11-32:14",4
20-Dec-2026,"Asara B'Tevet",2,"Exodus 34:1-34:3",3
20-Dec-2026,"Asara B'Tevet",3,"Exodus 34:4-34:10",7

20-Dec-2026,"Asara B'Tevet (Mincha)",1,"Exodus 32:11-32:14",4
20-Dec-2026,"Asara B'Tevet (Mincha)",2,"Exodus 34:1-34:3",3
20-Dec-2026,"Asara B'Tevet (Mincha)","maf","Exodus 34:4-34:10",7
20-Dec-2026,"Asara B'Tevet (Mincha)","Haftara","Isaiah 55:6-56:8",16

26-Dec-2026,"Vayechi",1,"Genesis 47:28-48:9",13
26-Dec-2026,"Vayechi",2,"Genesis 48:10-48:16",7
26-Dec-2026,"Vayechi",3,"Genesis 48:17-48:22",6
26-Dec-2026,"Vayechi",4,"Genesis 49:1-49:18",18
26-Dec-2026,"Vayechi",5,"Genesis 49:19-49:26",8
26-Dec-2026,"Vayechi",6,"Genesis 49:27-50:20",27
26-Dec-2026,"Vayechi",7,"Genesis 50:21-50:26",6
26-Dec-2026,"Vayechi","maf","Genesis 50:23-50:26",4
26-Dec-2026,"Vayechi","Haftara","I Kings 2:1-12",12

02-Jan-2027,"Shemot",1,"Exodus 1:1-1:17",17
02-Jan-2027,"Shemot",2,"Exodus 1:18-2:10",15
02-Jan-2027,"Shemot",3,"Exodus 2:11-2:25",15
02-Jan-2027,"Shemot",4,"Exodus 3:1-3:15",15
02-Jan-2027,"Shemot",5,"Exodus 3:16-4:17",24
02-Jan-2027,"Shemot",6,"Exodus 4:18-4:31",14
02-Jan-2027,"Shemot",7,"Exodus 5:1-6:1",24
02-Jan-2027,"Shemot","maf","Exodus 5:22-6:1",3
02-Jan-2027,"Shemot","Haftara for Ashkenazim","Isaiah 27:6-28:13; 29:22-23",23
02-Jan-2027,"Shemot","Haftara for Sephardim","Jeremiah 1:1-2:3",22

09-Jan-2027,"Vaera",1,"Exodus 6:2-6:13",12
09-Jan-2027,"Vaera",2,"Exodus 6:14-6:28",15
09-Jan-2027,"Vaera",3,"Exodus 6:29-7:7",9
09-Jan-2027,"Vaera",4,"Exodus 7:8-8:6",28
09-Jan-2027,"Vaera",5,"Exodus 8:7-8:18",12
09-Jan-2027,"Vaera",6,"Exodus 8:19-9:16",26
09-Jan-2027,"Vaera",7,"Exodus 9:17-9:35",19
09-Jan-2027,"Vaera","maf","Numbers 28:9-28:15 | Shabbat Rosh Chodesh",7
09-Jan-2027,"Vaera","Haftara","Isaiah 66:1-24 | Shabbat Rosh Chodesh",24

16-Jan-2027,"Bo",1,"Exodus 10:1-10:11",11
16-Jan-2027,"Bo",2,"Exodus 10:12-10:23",12
16-Jan-2027,"Bo",3,"Exodus 10:24-11:3",9
16-Jan-2027,"Bo",4,"Exodus 11:4-12:20",27
16-Jan-2027,"Bo",5,"Exodus 12:21-12:28",8
16-Jan-2027,"Bo",6,"Exodus 12:29-12:51",23
16-Jan-2027,"Bo",7,"Exodus 13:1-13:16",16
16-Jan-2027,"Bo","maf","Exodus 13:14-13:16",3
16-Jan-2027,"Bo","Haftara","Jeremiah 46:13-28",16

23-Jan-2027,"Beshalach",1,"Exodus 13:17-14:8",14
23-Jan-2027,"Beshalach",2,"Exodus 14:9-14:14",6
23-Jan-2027,"Beshalach",3,"Exodus 14:15-14:25",11
23-Jan-2027,"Beshalach",4,"Exodus 14:26-15:26",32
23-Jan-2027,"Beshalach",5,"Exodus 15:27-16:10",11
23-Jan-2027,"Beshalach",6,"Exodus 16:11-16:36",26
23-Jan-2027,"Beshalach",7,"Exodus 17:1-17:16",16
23-Jan-2027,"Beshalach","maf","Exodus 17:14-17:16",3
23-Jan-2027,"Beshalach","Haftara for Ashkenazim","Judges 4:4-5:31",52
23-Jan-2027,"Beshalach","Haftara for Sephardim","Judges 5:1-31",31

30-Jan-2027,"Yitro",1,"Exodus 18:1-18:12",12
30-Jan-2027,"Yitro",2,"Exodus 18:13-18:23",11
30-Jan-2027,"Yitro",3,"Exodus 18:24-18:27",4
30-Jan-2027,"Yitro",4,"Exodus 19:1-19:6",6
30-Jan-2027,"Yitro",5,"Exodus 19:7-19:19",13
30-Jan-2027,"Yitro",6,"Exodus 19:20-20:14",20
30-Jan-2027,"Yitro",7,"Exodus 20:15-20:23",9
30-Jan-2027,"Yitro","maf","Exodus 20:19-20:23",5
30-Jan-2027,"Yitro","Haftara for Ashkenazim","Isaiah 6:1-7:6; 9:5-6",21
30-Jan-2027,"Yitro","Haftara for Sephardim","Isaiah 6:1-13",13

06-Feb-2027,"Mishpatim",1,"Exodus 21:1-21:19",19
06-Feb-2027,"Mishpatim",2,"Exodus 21:20-22:3",21
06-Feb-2027,"Mishpatim",3,"Exodus 22:4-22:26",23
06-Feb-2027,"Mishpatim",4,"Exodus 22:27-23:5",9
06-Feb-2027,"Mishpatim",5,"Exodus 23:6-23:19",14
06-Feb-2027,"Mishpatim",6,"Exodus 23:20-23:25",6
06-Feb-2027,"Mishpatim",7,"Exodus 23:26-24:18",26
06-Feb-2027,"Mishpatim","maf","Exodus 24:15-24:18",4
06-Feb-2027,"Mishpatim","Haftara","I Samuel 20:18-42 | Shabbat Machar Chodesh",25

07-Feb-2027,"Rosh Chodesh Adar I",1,"Numbers 28:1-28:3",3
07-Feb-2027,"Rosh Chodesh Adar I",2,"Numbers 28:3-28:5",3
07-Feb-2027,"Rosh Chodesh Adar I",3,"Numbers 28:6-28:10",5
07-Feb-2027,"Rosh Chodesh Adar I",4,"Numbers 28:11-28:15",5

08-Feb-2027,"Rosh Chodesh Adar I",1,"Numbers 28:1-28:3",3
08-Feb-2027,"Rosh Chodesh Adar I",2,"Numbers 28:3-28:5",3
08-Feb-2027,"Rosh Chodesh Adar I",3,"Numbers 28:6-28:10",5
08-Feb-2027,"Rosh Chodesh Adar I",4,"Numbers 28:11-28:15",5

13-Feb-2027,"Terumah",1,"Exodus 25:1-25:16",16
13-Feb-2027,"Terumah",2,"Exodus 25:17-25:40 | some sources use 25:17-30",24
13-Feb-2027,"Terumah",3,"Exodus 26:1-26:14 | some sources use 25:31-26:14",14
13-Feb-2027,"Terumah",4,"Exodus 26:15-26:30",16
13-Feb-2027,"Terumah",5,"Exodus 26:31-26:37",7
13-Feb-2027,"Terumah",6,"Exodus 27:1-27:8",8
13-Feb-2027,"Terumah",7,"Exodus 27:9-27:19",11
13-Feb-2027,"Terumah","maf","Exodus 27:17-27:19",3
13-Feb-2027,"Terumah","Haftara","I Kings 5:26-6:13",20

20-Feb-2027,"Tetzaveh",1,"Exodus 27:20-28:12",14
20-Feb-2027,"Tetzaveh",2,"Exodus 28:13-28:30",18
20-Feb-2027,"Tetzaveh",3,"Exodus 28:31-28:43",13
20-Feb-2027,"Tetzaveh",4,"Exodus 29:1-29:18",18
20-Feb-2027,"Tetzaveh",5,"Exodus 29:19-29:37",19
20-Feb-2027,"Tetzaveh",6,"Exodus 29:38-29:46",9
20-Feb-2027,"Tetzaveh",7,"Exodus 30:1-30:10",10
20-Feb-2027,"Tetzaveh","maf","Exodus 30:8-30:10",3
20-Feb-2027,"Tetzaveh","Haftara","Ezekiel 43:10-27",18

27-Feb-2027,"Ki Tisa",1,"Exodus 30:11-31:17",45
27-Feb-2027,"Ki Tisa",2,"Exodus 31:18-33:11",47
27-Feb-2027,"Ki Tisa",3,"Exodus 33:12-33:16",5
27-Feb-2027,"Ki Tisa",4,"Exodus 33:17-33:23",7
27-Feb-2027,"Ki Tisa",5,"Exodus 34:1-34:9",9
27-Feb-2027,"Ki Tisa",6,"Exodus 34:10-34:26",17
27-Feb-2027,"Ki Tisa",7,"Exodus 34:27-34:35",9
27-Feb-2027,"Ki Tisa","maf","Exodus 34:33-34:35",3
27-Feb-2027,"Ki Tisa","Haftara for Ashkenazim","I Kings 18:1-39",39
27-Feb-2027,"Ki Tisa","Haftara for Sephardim","I Kings 18:20-39",20

06-Mar-2027,"Vayakhel",1,"Exodus 35:1-35:20",20
06-Mar-2027,"Vayakhel",2,"Exodus 35:21-35:29",9
06-Mar-2027,"Vayakhel",3,"Exodus 35:30-36:7",13
06-Mar-2027,"Vayakhel",4,"Exodus 36:8-36:19",12
06-Mar-2027,"Vayakhel",5,"Exodus 36:20-37:16",35
06-Mar-2027,"Vayakhel",6,"Exodus 37:17-37:29",13
06-Mar-2027,"Vayakhel",7,"Exodus 38:1-38:20",20
06-Mar-2027,"Vayakhel","maf","Exodus 30:11-30:16 | Shabbat Shekalim",6
06-Mar-2027,"Vayakhel","Haftara for Ashkenazim","II Kings 12:1-17 | Shabbat Shekalim",17
06-Mar-2027,"Vayakhel","Haftara for Sephardim","II Kings 11:17-12:17 | Shabbat Shekalim",21

09-Mar-2027,"Rosh Chodesh Adar II",1,"Numbers 28:1-28:3",3
09-Mar-2027,"Rosh Chodesh Adar II",2,"Numbers 28:3-28:5",3
09-Mar-2027,"Rosh Chodesh Adar II",3,"Numbers 28:6-28:10",5
09-Mar-2027,"Rosh Chodesh Adar II",4,"Numbers 28:11-28:15",5

10-Mar-2027,"Rosh Chodesh Adar II",1,"Numbers 28:1-28:3",3
10-Mar-2027,"Rosh Chodesh Adar II",2,"Numbers 28:3-28:5",3
10-Mar-2027,"Rosh Chodesh Adar II",3,"Numbers 28:6-28:10",5
10-Mar-2027,"Rosh Chodesh Adar II",4,"Numbers 28:11-28:15",5

13-Mar-2027,"Pekudei",1,"Exodus 38:21-39:1",12
13-Mar-2027,"Pekudei",2,"Exodus 39:2-39:21",20
13-Mar-2027,"Pekudei",3,"Exodus 39:22-39:32",11
13-Mar-2027,"Pekudei",4,"Exodus 39:33-39:43",11
13-Mar-2027,"Pekudei",5,"Exodus 40:1-40:16",16
13-Mar-2027,"Pekudei",6,"Exodus 40:17-40:27",11
13-Mar-2027,"Pekudei",7,"Exodus 40:28-40:38",11
13-Mar-2027,"Pekudei","maf","Exodus 40:34-40:38",5
13-Mar-2027,"Pekudei","Haftara for Ashkenazim","I Kings 7:51-8:21",22
13-Mar-2027,"Pekudei","Haftara for Sephardim","I Kings 7:40-50",11

20-Mar-2027,"Vayikra",1,"Leviticus 1:1-1:13",13
20-Mar-2027,"Vayikra",2,"Leviticus 1:14-2:6",10
20-Mar-2027,"Vayikra",3,"Leviticus 2:7-2:16",10
20-Mar-2027,"Vayikra",4,"Leviticus 3:1-3:17",17
20-Mar-2027,"Vayikra",5,"Leviticus 4:1-4:26",26
20-Mar-2027,"Vayikra",6,"Leviticus 4:27-5:10",19
20-Mar-2027,"Vayikra",7,"Leviticus 5:11-5:26",16
20-Mar-2027,"Vayikra","maf","Deuteronomy 25:17-25:19 | Shabbat Zachor",3
20-Mar-2027,"Vayikra","Haftara for Ashkenazim","I Samuel 15:2-34 | Shabbat Zachor",33
20-Mar-2027,"Vayikra","Haftara for Sephardim","I Samuel 15:1-34 | Shabbat Zachor",34

22-Mar-2027,"Ta'anit Esther",1,"Exodus 32:11-32:14",4
22-Mar-2027,"Ta'anit Esther",2,"Exodus 34:1-34:3",3
22-Mar-2027,"Ta'anit Esther",3,"Exodus 34:4-34:10",7

22-Mar-2027,"Ta'anit Esther (Mincha)",1,"Exodus 32:11-32:14",4
22-Mar-2027,"Ta'anit Esther (Mincha)",2,"Exodus 34:1-34:3",3
22-Mar-2027,"Ta'anit Esther (Mincha)","maf","Exodus 34:4-34:10",7
22-Mar-2027,"Ta'anit Esther (Mincha)","Haftara","Isaiah 55:6-56:8",16

22-Mar-2027,"Erev Purim","Megillah Ch. 1","Esther 1:1-1:22",22
22-Mar-2027,"Erev Purim","Megillah Ch. 2","Esther 2:1-2:23",23
22-Mar-2027,"Erev Purim","Megillah Ch. 3","Esther 3:1-3:15",15
22-Mar-2027,"Erev Purim","Megillah Ch. 4","Esther 4:1-4:17",17
22-Mar-2027,"Erev Purim","Megillah Ch. 5","Esther 5:1-5:14",14
22-Mar-2027,"Erev Purim","Megillah Ch. 6","Esther 6:1-6:14",14
22-Mar-2027,"Erev Purim","Megillah Ch. 7","Esther 7:1-7:10",10
22-Mar-2027,"Erev Purim","Megillah Ch. 8","Esther 8:1-8:17",17
22-Mar-2027,"Erev Purim","Megillah Ch. 9","Esther 9:1-9:32",32
22-Mar-2027,"Erev Purim","Megillah Ch. 10","Esther 10:1-10:3",3

23-Mar-2027,"Purim",1,"Exodus 17:8-17:10",3
23-Mar-2027,"Purim",2,"Exodus 17:11-17:13",3
23-Mar-2027,"Purim",3,"Exodus 17:14-17:16",3
23-Mar-2027,"Purim","Megillah Ch. 1","Esther 1:1-1:22",22
23-Mar-2027,"Purim","Megillah Ch. 2","Esther 2:1-2:23",23
23-Mar-2027,"Purim","Megillah Ch. 3","Esther 3:1-3:15",15
23-Mar-2027,"Purim","Megillah Ch. 4","Esther 4:1-4:17",17
23-Mar-2027,"Purim","Megillah Ch. 5","Esther 5:1-5:14",14
23-Mar-2027,"Purim","Megillah Ch. 6","Esther 6:1-6:14",14
23-Mar-2027,"Purim","Megillah Ch. 7","Esther 7:1-7:10",10
23-Mar-2027,"Purim","Megillah Ch. 8","Esther 8:1-8:17",17
23-Mar-2027,"Purim","Megillah Ch. 9","Esther 9:1-9:32",32
23-Mar-2027,"Purim","Megillah Ch. 10","Esther 10:1-10:3",3

27-Mar-2027,"Tzav",1,"Leviticus 6:1-6:11",11
27-Mar-2027,"Tzav",2,"Leviticus 6:12-7:10",22
27-Mar-2027,"Tzav",3,"Leviticus 7:11-7:38",28
27-Mar-2027,"Tzav",4,"Leviticus 8:1-8:13",13
27-Mar-2027,"Tzav",5,"Leviticus 8:14-8:21",8
27-Mar-2027,"Tzav",6,"Leviticus 8:22-8:29",8
27-Mar-2027,"Tzav",7,"Leviticus 8:30-8:36",7
27-Mar-2027,"Tzav","maf","Numbers 19:1-19:22 | Shabbat Parah",22
27-Mar-2027,"Tzav","Haftara for Ashkenazim","Ezekiel 36:16-38 | Shabbat Parah",23
27-Mar-2027,"Tzav","Haftara for Sephardim","Ezekiel 36:16-36 | Shabbat Parah",21

03-Apr-2027,"Shmini",1,"Leviticus 9:1-9:16",16
03-Apr-2027,"Shmini",2,"Leviticus 9:17-9:23",7
03-Apr-2027,"Shmini",3,"Leviticus 9:24-10:11",12
03-Apr-2027,"Shmini",4,"Leviticus 10:12-10:15",4
03-Apr-2027,"Shmini",5,"Leviticus 10:16-10:20",5
03-Apr-2027,"Shmini",6,"Leviticus 11:1-11:32",32
03-Apr-2027,"Shmini",7,"Leviticus 11:33-11:47",15
03-Apr-2027,"Shmini","maf","Exodus 12:1-12:20 | Shabbat HaChodesh",20
03-Apr-2027,"Shmini","Haftara for Ashkenazim","Ezekiel 45:16-46:18 | Shabbat HaChodesh",28
03-Apr-2027,"Shmini","Haftara for Sephardim","Ezekiel 45:18-46:15 | Shabbat HaChodesh",23

08-Apr-2027,"Rosh Chodesh Nisan",1,"Numbers 28:1-28:3",3
08-Apr-2027,"Rosh Chodesh Nisan",2,"Numbers 28:3-28:5",3
08-Apr-2027,"Rosh Chodesh Nisan",3,"Numbers 28:6-28:10",5
08-Apr-2027,"Rosh Chodesh Nisan",4,"Numbers 28:11-28:15",5

10-Apr-2027,"Tazria",1,"Leviticus 12:1-13:5",13
10-Apr-2027,"Tazria",2,"Leviticus 13:6-13:17",12
10-Apr-2027,"Tazria",3,"Leviticus 13:18-13:23",6
10-Apr-2027,"Tazria",4,"Leviticus 13:24-13:28",5
10-Apr-2027,"Tazria",5,"Leviticus 13:29-13:39",11
10-Apr-2027,"Tazria",6,"Leviticus 13:40-13:54",15
10-Apr-2027,"Tazria",7,"Leviticus 13:55-13:59",5
10-Apr-2027,"Tazria","maf","Leviticus 13:57-13:59",3
10-Apr-2027,"Tazria","Haftara","II Kings 4:42-5:19",22

17-Apr-2027,"Metzora",1,"Leviticus 14:1-14:12",12
17-Apr-2027,"Metzora",2,"Leviticus 14:13-14:20",8
17-Apr-2027,"Metzora",3,"Leviticus 14:21-14:32",12
17-Apr-2027,"Metzora",4,"Leviticus 14:33-14:53",21
17-Apr-2027,"Metzora",5,"Leviticus 14:54-15:15",19
17-Apr-2027,"Metzora",6,"Leviticus 15:16-15:28",13
17-Apr-2027,"Metzora",7,"Leviticus 15:29-15:33",5
17-Apr-2027,"Metzora","maf","Leviticus 15:31-15:33",3
17-Apr-2027,"Metzora","Haftara","Malachi 3:4-24 | Shabbat HaGadol",21

22-Apr-2027,"Pesach I",1,"Exodus 12:21-12:24",4
22-Apr-2027,"Pesach I",2,"Exodus 12:25-12:28",4
22-Apr-2027,"Pesach I",3,"Exodus 12:29-12:36",8
22-Apr-2027,"Pesach I",4,"Exodus 12:37-12:42",6
22-Apr-2027,"Pesach I",5,"Exodus 12:43-12:51",9
22-Apr-2027,"Pesach I","maf","Numbers 28:16-28:25",10
22-Apr-2027,"Pesach I","Haftara for Ashkenazim","Joshua 3:5-7; 5:2-6:1; 6:27",19
22-Apr-2027,"Pesach I","Haftara for Sephardim","Joshua 5:2-6:1; 6:27",16

23-Apr-2027,"Pesach II",1,"Leviticus 22:26-23:3",11
23-Apr-2027,"Pesach II",2,"Leviticus 23:4-23:14",11
23-Apr-2027,"Pesach II",3,"Leviticus 23:15-23:22",8
23-Apr-2027,"Pesach II",4,"Leviticus 23:23-23:32",10
23-Apr-2027,"Pesach II",5,"Leviticus 23:33-23:44",12
23-Apr-2027,"Pesach II","maf","Numbers 28:16-28:25",10
23-Apr-2027,"Pesach II","Haftara","II Kings 23:1-9; 23:21-25",14

24-Apr-2027,"Pesach Shabbat Chol ha-Moed",1,"Exodus 33:12-33:16",5
24-Apr-2027,"Pesach Shabbat Chol ha-Moed",2,"Exodus 33:17-33:19",3
24-Apr-2027,"Pesach Shabbat Chol ha-Moed",3,"Exodus 33:20-33:23",4
24-Apr-2027,"Pesach Shabbat Chol ha-Moed",4,"Exodus 34:1-34:3",3
24-Apr-2027,"Pesach Shabbat Chol ha-Moed",5,"Exodus 34:4-34:10",7
24-Apr-2027,"Pesach Shabbat Chol ha-Moed",6,"Exodus 34:11-34:17",7
24-Apr-2027,"Pesach Shabbat Chol ha-Moed",7,"Exodus 34:18-34:26",9
24-Apr-2027,"Pesach Shabbat Chol ha-Moed","maf","Numbers 28:19-28:25",7
24-Apr-2027,"Pesach Shabbat Chol ha-Moed","Haftara","Ezekiel 37:1-14",14
24-Apr-2027,"Pesach Shabbat Chol ha-Moed","Megillah Ch. 1","Song of Songs 1:1-1:17",17
24-Apr-2027,"Pesach Shabbat Chol ha-Moed","Megillah Ch. 2","Song of Songs 2:1-2:17",17
24-Apr-2027,"Pesach Shabbat Chol ha-Moed","Megillah Ch. 3","Song of Songs 3:1-3:11",11
24-Apr-2027,"Pesach Shabbat Chol ha-Moed","Megillah Ch. 4","Song of Songs 4:1-4:16",16
24-Apr-2027,"Pesach Shabbat Chol ha-Moed","Megillah Ch. 5","Song of Songs 5:1-5:16",16
24-Apr-2027,"Pesach Shabbat Chol ha-Moed","Megillah Ch. 6","Song of Songs 6:1-6:12",12
24-Apr-2027,"Pesach Shabbat Chol ha-Moed","Megillah Ch. 7","Song of Songs 7:1-7:14",14
24-Apr-2027,"Pesach Shabbat Chol ha-Moed","Megillah Ch. 8","Song of Songs 8:1-8:14",14

25-Apr-2027,"Pesach Chol ha-Moed Day 2 on Sunday",1,"Exodus 13:1-13:4",4
25-Apr-2027,"Pesach Chol ha-Moed Day 2 on Sunday",2,"Exodus 13:5-13:10",6
25-Apr-2027,"Pesach Chol ha-Moed Day 2 on Sunday",3,"Exodus 13:11-13:16",6
25-Apr-2027,"Pesach Chol ha-Moed Day 2 on Sunday",4,"Numbers 28:19-28:25",7

26-Apr-2027,"Pesach Chol ha-Moed Day 3 on Monday",1,"Exodus 22:24-22:26",3
26-Apr-2027,"Pesach Chol ha-Moed Day 3 on Monday",2,"Exodus 22:27-23:5",9
26-Apr-2027,"Pesach Chol ha-Moed Day 3 on Monday",3,"Exodus 23:6-23:19",14
26-Apr-2027,"Pesach Chol ha-Moed Day 3 on Monday",4,"Numbers 28:19-28:25",7

27-Apr-2027,"Pesach Chol ha-Moed Day 4",1,"Numbers 9:1-9:5",5
27-Apr-2027,"Pesach Chol ha-Moed Day 4",2,"Numbers 9:6-9:8",3
27-Apr-2027,"Pesach Chol ha-Moed Day 4",3,"Numbers 9:9-9:14",6
27-Apr-2027,"Pesach Chol ha-Moed Day 4",4,"Numbers 28:19-28:25",7

28-Apr-2027,"Pesach VII",1,"Exodus 13:17-13:22",6
28-Apr-2027,"Pesach VII",2,"Exodus 14:1-14:8",8
28-Apr-2027,"Pesach VII",3,"Exodus 14:9-14:14",6
28-Apr-2027,"Pesach VII",4,"Exodus 14:15-14:25",11
28-Apr-2027,"Pesach VII",5,"Exodus 14:26-15:26",32
28-Apr-2027,"Pesach VII","maf","Numbers 28:19-28:25",7
28-Apr-2027,"Pesach VII","Haftara","II Samuel 22:1-51",51

29-Apr-2027,"Pesach VIII",1,"Deuteronomy 15:19-15:23",5
29-Apr-2027,"Pesach VIII",2,"Deuteronomy 16:1-16:3",3
29-Apr-2027,"Pesach VIII",3,"Deuteronomy 16:4-16:8",5
29-Apr-2027,"Pesach VIII",4,"Deuteronomy 16:9-16:12",4
29-Apr-2027,"Pesach VIII",5,"Deuteronomy 16:13-16:17",5
29-Apr-2027,"Pesach VIII","maf","Numbers 28:19-28:25",7
29-Apr-2027,"Pesach VIII","Haftara","Isaiah 10:32-12:6",25

01-May-2027,"Achrei Mot",1,"Leviticus 16:1-16:17",17
01-May-2027,"Achrei Mot",2,"Leviticus 16:18-16:24",7
01-May-2027,"Achrei Mot",3,"Leviticus 16:25-16:34",10
01-May-2027,"Achrei Mot",4,"Leviticus 17:1-17:7",7
01-May-2027,"Achrei Mot",5,"Leviticus 17:8-18:5",14
01-May-2027,"Achrei Mot",6,"Leviticus 18:6-18:21",16
01-May-2027,"Achrei Mot",7,"Leviticus 18:22-18:30",9
01-May-2027,"Achrei Mot","maf","Leviticus 18:28-18:30",3
01-May-2027,"Achrei Mot","Haftara for Ashkenazim","Amos 9:7-15",9
01-May-2027,"Achrei Mot","Haftara for Sephardim","Ezekiel 22:1-16",16

07-May-2027,"Rosh Chodesh Iyyar",1,"Numbers 28:1-28:3",3
07-May-2027,"Rosh Chodesh Iyyar",2,"Numbers 28:3-28:5",3
07-May-2027,"Rosh Chodesh Iyyar",3,"Numbers 28:6-28:10",5
07-May-2027,"Rosh Chodesh Iyyar",4,"Numbers 28:11-28:15",5

08-May-2027,"Kedoshim",1,"Leviticus 19:1-19:14",14
08-May-2027,"Kedoshim",2,"Leviticus 19:15-19:22",8
08-May-2027,"Kedoshim",3,"Leviticus 19:23-19:32",10
08-May-2027,"Kedoshim",4,"Leviticus 19:33-19:37",5
08-May-2027,"Kedoshim",5,"Leviticus 20:1-20:7",7
08-May-2027,"Kedoshim",6,"Leviticus 20:8-20:22",15
08-May-2027,"Kedoshim",7,"Leviticus 20:23-20:27",5
08-May-2027,"Kedoshim","maf","Numbers 28:9-28:15 | Shabbat Rosh Chodesh",7
08-May-2027,"Kedoshim","Haftara","Isaiah 66:1-24 | Shabbat Rosh Chodesh",24

15-May-2027,"Emor",1,"Leviticus 21:1-21:15",15
15-May-2027,"Emor",2,"Leviticus 21:16-22:16",25
15-May-2027,"Emor",3,"Leviticus 22:17-22:33",17
15-May-2027,"Emor",4,"Leviticus 23:1-23:22",22
15-May-2027,"Emor",5,"Leviticus 23:23-23:32",10
15-May-2027,"Emor",6,"Leviticus 23:33-23:44",12
15-May-2027,"Emor",7,"Leviticus 24:1-24:23",23
15-May-2027,"Emor","maf","Leviticus 24:21-24:23",3
15-May-2027,"Emor","Haftara","Ezekiel 44:15-31",17

22-May-2027,"Behar",1,"Leviticus 25:1-25:13",13
22-May-2027,"Behar",2,"Leviticus 25:14-25:18",5
22-May-2027,"Behar",3,"Leviticus 25:19-25:24",6
22-May-2027,"Behar",4,"Leviticus 25:25-25:28",4
22-May-2027,"Behar",5,"Leviticus 25:29-25:38",10
22-May-2027,"Behar",6,"Leviticus 25:39-25:46",8
22-May-2027,"Behar",7,"Leviticus 25:47-26:2",11
22-May-2027,"Behar","maf","Leviticus 25:55-26:2",3
22-May-2027,"Behar","Haftara","Jeremiah 32:6-27",22

29-May-2027,"Bechukotai",1,"Leviticus 26:3-26:5",3
29-May-2027,"Bechukotai",2,"Leviticus 26:6-26:9",4
29-May-2027,"Bechukotai",3,"Leviticus 26:10-26:46",37
29-May-2027,"Bechukotai",4,"Leviticus 27:1-27:15",15
29-May-2027,"Bechukotai",5,"Leviticus 27:16-27:21",6
29-May-2027,"Bechukotai",6,"Leviticus 27:22-27:28",7
29-May-2027,"Bechukotai",7,"Leviticus 27:29-27:34",6
29-May-2027,"Bechukotai","maf","Leviticus 27:32-27:34",3
29-May-2027,"Bechukotai","Haftara","Jeremiah 16:19-17:14",17

05-Jun-2027,"Bamidbar",1,"Numbers 1:1-1:19",19
05-Jun-2027,"Bamidbar",2,"Numbers 1:20-1:54",35
05-Jun-2027,"Bamidbar",3,"Numbers 2:1-2:34",34
05-Jun-2027,"Bamidbar",4,"Numbers 3:1-3:13",13
05-Jun-2027,"Bamidbar",5,"Numbers 3:14-3:39",26
05-Jun-2027,"Bamidbar",6,"Numbers 3:40-3:51",12
05-Jun-2027,"Bamidbar",7,"Numbers 4:1-4:20",20
05-Jun-2027,"Bamidbar","maf","Numbers 4:17-4:20",4
05-Jun-2027,"Bamidbar","Haftara","I Samuel 20:18-42 | Shabbat Machar Chodesh",25

06-Jun-2027,"Rosh Chodesh Sivan",1,"Numbers 28:1-28:3",3
06-Jun-2027,"Rosh Chodesh Sivan",2,"Numbers 28:3-28:5",3
06-Jun-2027,"Rosh Chodesh Sivan",3,"Numbers 28:6-28:10",5
06-Jun-2027,"Rosh Chodesh Sivan",4,"Numbers 28:11-28:15",5

11-Jun-2027,"Shavuot I",1,"Exodus 19:1-19:6",6
11-Jun-2027,"Shavuot I",2,"Exodus 19:7-19:13",7
11-Jun-2027,"Shavuot I",3,"Exodus 19:14-19:19",6
11-Jun-2027,"Shavuot I",4,"Exodus 19:20-20:14",20
11-Jun-2027,"Shavuot I",5,"Exodus 20:15-20:23",9
11-Jun-2027,"Shavuot I","maf","Numbers 28:26-28:31",6
11-Jun-2027,"Shavuot I","Haftara","Ezekiel 1:1-28; 3:12",29

12-Jun-2027,"Shavuot II (on Shabbat)",1,"Deuteronomy 14:22-14:29",8
12-Jun-2027,"Shavuot II (on Shabbat)",2,"Deuteronomy 15:1-15:18",18
12-Jun-2027,"Shavuot II (on Shabbat)",3,"Deuteronomy 15:19-15:23",5
12-Jun-2027,"Shavuot II (on Shabbat)",4,"Deuteronomy 16:1-16:3",3
12-Jun-2027,"Shavuot II (on Shabbat)",5,"Deuteronomy 16:4-16:8",5
12-Jun-2027,"Shavuot II (on Shabbat)",6,"Deuteronomy 16:9-16:12",4
12-Jun-2027,"Shavuot II (on Shabbat)",7,"Deuteronomy 16:13-16:17",5
12-Jun-2027,"Shavuot II (on Shabbat)","maf","Numbers 28:26-28:31",6
12-Jun-2027,"Shavuot II (on Shabbat)","Haftara for Ashkenazim","Habakkuk 3:1-19",19
12-Jun-2027,"Shavuot II (on Shabbat)","Haftara for Sephardim","Habakkuk 2:20-3:19",20
12-Jun-2027,"Shavuot II (on Shabbat)","Megillah Ch. 1","Ruth 1:1-1:22",22
12-Jun-2027,"Shavuot II (on Shabbat)","Megillah Ch. 2","Ruth 2:1-2:23",23
12-Jun-2027,"Shavuot II (on Shabbat)","Megillah Ch. 3","Ruth 3:1-3:18",18
12-Jun-2027,"Shavuot II (on Shabbat)","Megillah Ch. 4","Ruth 4:1-4:22",22

19-Jun-2027,"Nasso",1,"Numbers 4:21-4:37",17
19-Jun-2027,"Nasso",2,"Numbers 4:38-4:49",12
19-Jun-2027,"Nasso",3,"Numbers 5:1-5:10",10
19-Jun-2027,"Nasso",4,"Numbers 5:11-6:27",48
19-Jun-2027,"Nasso",5,"Numbers 7:1-7:41",41
19-Jun-2027,"Nasso",6,"Numbers 7:42-7:71",30
19-Jun-2027,"Nasso",7,"Numbers 7:72-7:89",18
19-Jun-2027,"Nasso","maf","Numbers 7:87-7:89",3
19-Jun-2027,"Nasso","Haftara","Judges 13:2-25",24

26-Jun-2027,"Beha'alotcha",1,"Numbers 8:1-8:14",14
26-Jun-2027,"Beha'alotcha",2,"Numbers 8:15-8:26",12
26-Jun-2027,"Beha'alotcha",3,"Numbers 9:1-9:14",14
26-Jun-2027,"Beha'alotcha",4,"Numbers 9:15-10:10",19
26-Jun-2027,"Beha'alotcha",5,"Numbers 10:11-10:34",24
26-Jun-2027,"Beha'alotcha",6,"Numbers 10:35-11:29",31
26-Jun-2027,"Beha'alotcha",7,"Numbers 11:30-12:16",22
26-Jun-2027,"Beha'alotcha","maf","Numbers 12:14-12:16",3
26-Jun-2027,"Beha'alotcha","Haftara","Zechariah 2:14-4:7",21

03-Jul-2027,"Sh'lach",1,"Numbers 13:1-13:20",20
03-Jul-2027,"Sh'lach",2,"Numbers 13:21-14:7",20
03-Jul-2027,"Sh'lach",3,"Numbers 14:8-14:25",18
03-Jul-2027,"Sh'lach",4,"Numbers 14:26-15:7",27
03-Jul-2027,"Sh'lach",5,"Numbers 15:8-15:16",9
03-Jul-2027,"Sh'lach",6,"Numbers 15:17-15:26",10
03-Jul-2027,"Sh'lach",7,"Numbers 15:27-15:41",15
03-Jul-2027,"Sh'lach","maf","Numbers 15:37-15:41",5
03-Jul-2027,"Sh'lach","Haftara","Joshua 2:1-24",24

05-Jul-2027,"Rosh Chodesh Tamuz",1,"Numbers 28:1-28:3",3
05-Jul-2027,"Rosh Chodesh Tamuz",2,"Numbers 28:3-28:5",3
05-Jul-2027,"Rosh Chodesh Tamuz",3,"Numbers 28:6-28:10",5
05-Jul-2027,"Rosh Chodesh Tamuz",4,"Numbers 28:11-28:15",5

06-Jul-2027,"Rosh Chodesh Tamuz",1,"Numbers 28:1-28:3",3
06-Jul-2027,"Rosh Chodesh Tamuz",2,"Numbers 28:3-28:5",3
06-Jul-2027,"Rosh Chodesh Tamuz",3,"Numbers 28:6-28:10",5
06-Jul-2027,"Rosh Chodesh Tamuz",4,"Numbers 28:11-28:15",5

10-Jul-2027,"Korach",1,"Numbers 16:1-16:13",13
10-Jul-2027,"Korach",2,"Numbers 16:14-16:19",6
10-Jul-2027,"Korach",3,"Numbers 16:20-17:8",24
10-Jul-2027,"Korach",4,"Numbers 17:9-17:15",7
10-Jul-2027,"Korach",5,"Numbers 17:16-17:24",9
10-Jul-2027,"Korach",6,"Numbers 17:25-18:20",24
10-Jul-2027,"Korach",7,"Numbers 18:21-18:32",12
10-Jul-2027,"Korach","maf","Numbers 18:30-18:32",3
10-Jul-2027,"Korach","Haftara","I Samuel 11:14-12:22",24

17-Jul-2027,"Chukat-Balak",1,"Numbers 19:1-20:6",28
17-Jul-2027,"Chukat-Balak",2,"Numbers 20:7-20:21",15
17-Jul-2027,"Chukat-Balak",3,"Numbers 20:22-21:20",28
17-Jul-2027,"Chukat-Balak",4,"Numbers 21:21-22:12",27
17-Jul-2027,"Chukat-Balak",5,"Numbers 22:13-22:38",26
17-Jul-2027,"Chukat-Balak",6,"Numbers 22:39-23:26",29
17-Jul-2027,"Chukat-Balak",7,"Numbers 23:27-25:9",38
17-Jul-2027,"Chukat-Balak","maf","Numbers 25:7-25:9",3
17-Jul-2027,"Chukat-Balak","Haftara","Micah 5:6-6:8",17

22-Jul-2027,"Tzom Tammuz",1,"Exodus 32:11-32:14",4
22-Jul-2027,"Tzom Tammuz",2,"Exodus 34:1-34:3",3
22-Jul-2027,"Tzom Tammuz",3,"Exodus 34:4-34:10",7

22-Jul-2027,"Tzom Tammuz (Mincha)",1,"Exodus 32:11-32:14",4
22-Jul-2027,"Tzom Tammuz (Mincha)",2,"Exodus 34:1-34:3",3
22-Jul-2027,"Tzom Tammuz (Mincha)","maf","Exodus 34:4-34:10",7
22-Jul-2027,"Tzom Tammuz (Mincha)","Haftara","Isaiah 55:6-56:8",16

24-Jul-2027,"Pinchas",1,"Numbers 25:10-26:4",14
24-Jul-2027,"Pinchas",2,"Numbers 26:5-26:51",47
24-Jul-2027,"Pinchas",3,"Numbers 26:52-27:5",19
24-Jul-2027,"Pinchas",4,"Numbers 27:6-27:23",18
24-Jul-2027,"Pinchas",5,"Numbers 28:1-28:15",15
24-Jul-2027,"Pinchas",6,"Numbers 28:16-29:11",27
24-Jul-2027,"Pinchas",7,"Numbers 29:12-30:1",29
24-Jul-2027,"Pinchas","maf","Numbers 29:35-30:1",6
24-Jul-2027,"Pinchas","Haftara","Jeremiah 1:1-2:3 | Pinchas occurring after 17 Tammuz",22

31-Jul-2027,"Matot-Masei",1,"Numbers 30:2-31:12",28
31-Jul-2027,"Matot-Masei",2,"Numbers 31:13-31:54",42
31-Jul-2027,"Matot-Masei",3,"Numbers 32:1-32:19",19
31-Jul-2027,"Matot-Masei",4,"Numbers 32:20-33:49",72
31-Jul-2027,"Matot-Masei",5,"Numbers 33:50-34:15",22
31-Jul-2027,"Matot-Masei",6,"Numbers 34:16-35:8",22
31-Jul-2027,"Matot-Masei",7,"Numbers 35:9-36:13",39
31-Jul-2027,"Matot-Masei","maf","Numbers 36:11-36:13",3
31-Jul-2027,"Matot-Masei","Haftara for Ashkenazim","Jeremiah 2:4-28; 3:4",26
31-Jul-2027,"Matot-Masei","Haftara for Sephardim","Jeremiah 2:4-28; 4:1-2",27

04-Aug-2027,"Rosh Chodesh Av",1,"Numbers 28:1-28:3",3
04-Aug-2027,"Rosh Chodesh Av",2,"Numbers 28:3-28:5",3
04-Aug-2027,"Rosh Chodesh Av",3,"Numbers 28:6-28:10",5
04-Aug-2027,"Rosh Chodesh Av",4,"Numbers 28:11-28:15",5

07-Aug-2027,"Devarim",1,"Deuteronomy 1:1-1:10",10
07-Aug-2027,"Devarim",2,"Deuteronomy 1:11-1:21",11
07-Aug-2027,"Devarim",3,"Deuteronomy 1:22-1:38",17
07-Aug-2027,"Devarim",4,"Deuteronomy 1:39-2:1",9
07-Aug-2027,"Devarim",5,"Deuteronomy 2:2-2:30",29
07-Aug-2027,"Devarim",6,"Deuteronomy 2:31-3:14",21
07-Aug-2027,"Devarim",7,"Deuteronomy 3:15-3:22",8
07-Aug-2027,"Devarim","maf","Deuteronomy 3:20-3:22",3
07-Aug-2027,"Devarim","Haftara","Isaiah 1:1-27",27

11-Aug-2027,"Erev Tish'a B'Av","Megillah Ch. 1","Lamentations 1:1-1:22",22
11-Aug-2027,"Erev Tish'a B'Av","Megillah Ch. 2","Lamentations 2:1-2:22",22
11-Aug-2027,"Erev Tish'a B'Av","Megillah Ch. 3","Lamentations 3:1-3:66",66
11-Aug-2027,"Erev Tish'a B'Av","Megillah Ch. 4","Lamentations 4:1-4:22",22
11-Aug-2027,"Erev Tish'a B'Av","Megillah Ch. 5","Lamentations 5:1-5:22",22

12-Aug-2027,"Tish'a B'Av",1,"Deuteronomy 4:25-4:29",5
12-Aug-2027,"Tish'a B'Av",2,"Deuteronomy 4:30-4:35",6
12-Aug-2027,"Tish'a B'Av",3,"Deuteronomy 4:36-4:40",5
12-Aug-2027,"Tish'a B'Av","Haftara","Jeremiah 8:13-9:23",34
12-Aug-2027,"Tish'a B'Av","Megillah Ch. 1","Lamentations 1:1-1:22",22
12-Aug-2027,"Tish'a B'Av","Megillah Ch. 2","Lamentations 2:1-2:22",22
12-Aug-2027,"Tish'a B'Av","Megillah Ch. 3","Lamentations 3:1-3:66",66
12-Aug-2027,"Tish'a B'Av","Megillah Ch. 4","Lamentations 4:1-4:22",22
12-Aug-2027,"Tish'a B'Av","Megillah Ch. 5","Lamentations 5:1-5:22",22

12-Aug-2027,"Tish'a B'Av (Mincha)",1,"Exodus 32:11-32:14",4
12-Aug-2027,"Tish'a B'Av (Mincha)",2,"Exodus 34:1-34:3",3
12-Aug-2027,"Tish'a B'Av (Mincha)","maf","Exodus 34:4-34:10",7
12-Aug-2027,"Tish'a B'Av (Mincha)","Haftara","Isaiah 55:6-56:8",16

14-Aug-2027,"Vaetchanan",1,"Deuteronomy 3:23-4:4",11
14-Aug-2027,"Vaetchanan",2,"Deuteronomy 4:5-4:40",36
14-Aug-2027,"Vaetchanan",3,"Deuteronomy 4:41-4:49",9
14-Aug-2027,"Vaetchanan",4,"Deuteronomy 5:1-5:18",18
14-Aug-2027,"Vaetchanan",5,"Deuteronomy 5:19-6:3",15
14-Aug-2027,"Vaetchanan",6,"Deuteronomy 6:4-6:25",22
14-Aug-2027,"Vaetchanan",7,"Deuteronomy 7:1-7:11",11
14-Aug-2027,"Vaetchanan","maf","Deuteronomy 7:9-7:11",3
14-Aug-2027,"Vaetchanan","Haftara","Isaiah 40:1-26",26

21-Aug-2027,"Eikev",1,"Deuteronomy 7:12-8:10",25
21-Aug-2027,"Eikev",2,"Deuteronomy 8:11-9:3",13
21-Aug-2027,"Eikev",3,"Deuteronomy 9:4-9:29",26
21-Aug-2027,"Eikev",4,"Deuteronomy 10:1-10:11",11
21-Aug-2027,"Eikev",5,"Deuteronomy 10:12-11:9",20
21-Aug-2027,"Eikev",6,"Deuteronomy 11:10-11:21",12
21-Aug-2027,"Eikev",7,"Deuteronomy 11:22-11:25",4
21-Aug-2027,"Eikev","maf","Deuteronomy 11:22-11:25",4
21-Aug-2027,"Eikev","Haftara","Isaiah 49:14-51:3",27

28-Aug-2027,"Re'eh",1,"Deuteronomy 11:26-12:10",17
28-Aug-2027,"Re'eh",2,"Deuteronomy 12:11-12:28",18
28-Aug-2027,"Re'eh",3,"Deuteronomy 12:29-13:19",22
28-Aug-2027,"Re'eh",4,"Deuteronomy 14:1-14:21",21
28-Aug-2027,"Re'eh",5,"Deuteronomy 14:22-14:29",8
28-Aug-2027,"Re'eh",6,"Deuteronomy 15:1-15:18",18
28-Aug-2027,"Re'eh",7,"Deuteronomy 15:19-16:17",22
28-Aug-2027,"Re'eh","maf","Deuteronomy 16:13-16:17",5
28-Aug-2027,"Re'eh","Haftara","Isaiah 54:11-55:5",12

02-Sep-2027,"Rosh Chodesh Elul",1,"Numbers 28:1-28:3",3
02-Sep-2027,"Rosh Chodesh Elul",2,"Numbers 28:3-28:5",3
02-Sep-2027,"Rosh Chodesh Elul",3,"Numbers 28:6-28:10",5
02-Sep-2027,"Rosh Chodesh Elul",4,"Numbers 28:11-28:15",5

03-Sep-2027,"Rosh Chodesh Elul",1,"Numbers 28:1-28:3",3
03-Sep-2027,"Rosh Chodesh Elul",2,"Numbers 28:3-28:5",3
03-Sep-2027,"Rosh Chodesh Elul",3,"Numbers 28:6-28:10",5
03-Sep-2027,"Rosh Chodesh Elul",4,"Numbers 28:11-28:15",5

04-Sep-2027,"Shoftim",1,"Deuteronomy 16:18-17:13",18
04-Sep-2027,"Shoftim",2,"Deuteronomy 17:14-17:20",7
04-Sep-2027,"Shoftim",3,"Deuteronomy 18:1-18:5",5
04-Sep-2027,"Shoftim",4,"Deuteronomy 18:6-18:13",8
04-Sep-2027,"Shoftim",5,"Deuteronomy 18:14-19:13",22
04-Sep-2027,"Shoftim",6,"Deuteronomy 19:14-20:9",17
04-Sep-2027,"Shoftim",7,"Deuteronomy 20:10-21:9",20
04-Sep-2027,"Shoftim","maf","Deuteronomy 21:7-21:9",3
04-Sep-2027,"Shoftim","Haftara","Isaiah 51:12-52:12",24

11-Sep-2027,"Ki Teitzei",1,"Deuteronomy 21:10-21:21",12
11-Sep-2027,"Ki Teitzei",2,"Deuteronomy 21:22-22:7",9
11-Sep-2027,"Ki Teitzei",3,"Deuteronomy 22:8-23:7",29
11-Sep-2027,"Ki Teitzei",4,"Deuteronomy 23:8-23:24",17
11-Sep-2027,"Ki Teitzei",5,"Deuteronomy 23:25-24:4",6
11-Sep-2027,"Ki Teitzei",6,"Deuteronomy 24:5-24:13",9
11-Sep-2027,"Ki Teitzei",7,"Deuteronomy 24:14-25:19",28
11-Sep-2027,"Ki Teitzei","maf","Deuteronomy 25:17-25:19",3
11-Sep-2027,"Ki Teitzei","Haftara","Isaiah 54:1-10",10

18-Sep-2027,"Ki Tavo",1,"Deuteronomy 26:1-26:11",11
18-Sep-2027,"Ki Tavo",2,"Deuteronomy 26:12-26:15",4
18-Sep-2027,"Ki Tavo",3,"Deuteronomy 26:16-26:19",4
18-Sep-2027,"Ki Tavo",4,"Deuteronomy 27:1-27:10",10
18-Sep-2027,"Ki Tavo",5,"Deuteronomy 27:11-28:6",22
18-Sep-2027,"Ki Tavo",6,"Deuteronomy 28:7-28:69",63
18-Sep-2027,"Ki Tavo",7,"Deuteronomy 29:1-29:8",8
18-Sep-2027,"Ki Tavo","maf","Deuteronomy 29:6-29:8",3
18-Sep-2027,"Ki Tavo","Haftara","Isaiah 60:1-22",22

25-Sep-2027,"Nitzavim-Vayeilech",1,"Deuteronomy 29:9-29:28",20
25-Sep-2027,"Nitzavim-Vayeilech",2,"Deuteronomy 30:1-30:6",6
25-Sep-2027,"Nitzavim-Vayeilech",3,"Deuteronomy 30:7-30:14",8
25-Sep-2027,"Nitzavim-Vayeilech",4,"Deuteronomy 30:15-31:6",12
25-Sep-2027,"Nitzavim-Vayeilech",5,"Deuteronomy 31:7-31:13",7
25-Sep-2027,"Nitzavim-Vayeilech",6,"Deuteronomy 31:14-31:19",6
25-Sep-2027,"Nitzavim-Vayeilech",7,"Deuteronomy 31:20-31:30",11
25-Sep-2027,"Nitzavim-Vayeilech","maf","Deuteronomy 31:28-31:30",3
25-Sep-2027,"Nitzavim-Vayeilech","Haftara","Isaiah 61:10-63:9",23

